first_name,last_name,company,address,city,state,zip,country,email,phone
Adam,Smith,University of North Carolina,100 Porthole Alley,Chapel Hill,NC,,USA,adam.smith@unc.edu,9198796700
Sidney,Cooper,The Orpheum Theater,203 S. Main St,Memphis,TN,,USA,scooper@orpheum.com,6154823490
Jason,McDonald,The Kennedy Center,2700 F St,Washington,DC,,USA,jasonmcdonald@tkc.com,2017802245
Victoria,Reynolds,Chrysler Hall,215 Saint Pauls Blvd,Norfolk,VA,,USA,victoriar@norfolk.edu,7032357611
John,Lawrence,Zellerbach Hall,101 Zellerbach Hall #4800,Berkley,CA,,USA,j.lawrence@zellerbach.edu,5106753498
Juma,Al Sayegh,Dubai Opera,Sheikh Mohammed bin Rashid Blvd,,,,Dubai,jumaas@dopera.com,5098033545